system:index,county,elevation_m,facility_name,latitude,longitude,state,.geo
0,Akobo,407.8556731598621,Walgak PHCC,8.16075,32.23865,Jonglei,"{""type"":""MultiPoint"",""coordinates"":[]}"
1,Ayod,408.0479883185442,Ayod PHCC,8.12281,31.41356,Jonglei,"{""type"":""MultiPoint"",""coordinates"":[]}"
2,Ayod,405.3095807872419,Mogok PHCU,8.40239,31.33646,Jonglei,"{""type"":""MultiPoint"",""coordinates"":[]}"
3,Ayod,402.48194138520444,Pagil PHCU,8.71085,31.26925,Jonglei,"{""type"":""MultiPoint"",""coordinates"":[]}"
4,Ayod,407.20282868400574,Ascom Ayod PHCC,8.13544,31.40971,Jonglei,"{""type"":""MultiPoint"",""coordinates"":[]}"
5,Ayod,400.87844800093427,Wan Machar PHCC,8.23199,30.59433,Jonglei,"{""type"":""MultiPoint"",""coordinates"":[]}"
6,Bor,426.000703539344,Baidit PHCC,6.42951,31.56256,Jonglei,"{""type"":""MultiPoint"",""coordinates"":[]}"
7,Bor,423.1425673574075,Jalle PHCC,6.67182,31.77659,Jonglei,"{""type"":""MultiPoint"",""coordinates"":[]}"
8,Bor,432.5359692427098,Kolnyang PHCC,6.13708,31.73185,Jonglei,"{""type"":""MultiPoint"",""coordinates"":[]}"
9,Bor,432.61080300534735,Malual Agor Baar PHCC,6.12538,31.58084,Jonglei,"{""type"":""MultiPoint"",""coordinates"":[]}"
10,Bor,431.9397382593661,Pariak PHCC,5.97102,31.66066,Jonglei,"{""type"":""MultiPoint"",""coordinates"":[]}"
11,Bor,429.9787157254609,Makuac PHCC,6.26155,31.7308,Jonglei,"{""type"":""MultiPoint"",""coordinates"":[]}"
12,Bor,434.7363060831271,Anyidi PHCU,6.17755,31.81293,Jonglei,"{""type"":""MultiPoint"",""coordinates"":[]}"
13,Bor,430.8686407031096,Bor Prison PHCC,6.22521,31.59697,Jonglei,"{""type"":""MultiPoint"",""coordinates"":[]}"
14,Canal,398.92608831959865,Khorfulus PHCC,9.31355,31.58603,Jonglei,"{""type"":""MultiPoint"",""coordinates"":[]}"
15,Duk,414.5447897541132,Poktap PHCC,7.45464,31.40907,Jonglei,"{""type"":""MultiPoint"",""coordinates"":[]}"
16,Duk,413.85884248134863,Dok Lost Clinic PHCU,7.48253,31.51073,Jonglei,"{""type"":""MultiPoint"",""coordinates"":[]}"
17,Duk,411.40679742207055,Duk/Paborkoi PHCC,7.72603,31.4058,Jonglei,"{""type"":""MultiPoint"",""coordinates"":[]}"
18,Fangak,402.4476988946812,Kuernyang PHCC,9.32275,30.88692,Jonglei,"{""type"":""MultiPoint"",""coordinates"":[]}"
19,Fangak,400.9713133104091,Juaibor PHCC,9.40076,30.66977,Jonglei,"{""type"":""MultiPoint"",""coordinates"":[]}"
20,Fangak,401.595450878451,Old Fangak Hosp,9.06672,30.88009,Jonglei,"{""type"":""MultiPoint"",""coordinates"":[]}"
21,Fangak,402.06703848049096,Keew PHCC,9.26357,30.63544,Jonglei,"{""type"":""MultiPoint"",""coordinates"":[]}"
22,Fangak,401.79342312401576,Nyadiu PHCC,8.79966,30.66906,Jonglei,"{""type"":""MultiPoint"",""coordinates"":[]}"
23,Nyirol,403.15130817214913,Pultruk PHCC,8.59479,31.94841,Jonglei,"{""type"":""MultiPoint"",""coordinates"":[]}"
24,Nyirol,403.5332971269809,Lankien PHCC,8.52622,32.06143,Jonglei,"{""type"":""MultiPoint"",""coordinates"":[]}"
25,Twic East,417.1807254969097,Paliau PHCC,6.96007,31.37843,Jonglei,"{""type"":""MultiPoint"",""coordinates"":[]}"
26,Twic East,414.1732139561472,Wernyol PHCC,7.32845,31.41489,Jonglei,"{""type"":""MultiPoint"",""coordinates"":[]}"
27,Uror,410.95380984490896,Yuai PHCC,7.90507,31.89112,Jonglei,"{""type"":""MultiPoint"",""coordinates"":[]}"
28,Abiemnhom,409.53669698042677,ABIEMNOM PHCC,9.039874,28.08234,Unity,"{""type"":""MultiPoint"",""coordinates"":[]}"
29,Guit,396.47001393450324,GUIT PHCC,9.15831,29.9106,Unity,"{""type"":""MultiPoint"",""coordinates"":[]}"
30,Koch,391.6026217127688,BOAW PHCC,8.84379,29.7296,Unity,"{""type"":""MultiPoint"",""coordinates"":[]}"
31,Koch,396.7333734253055,KOCH PHCC,8.59984,29.98989,Unity,"{""type"":""MultiPoint"",""coordinates"":[]}"
32,Koch,397.7464906964741,MIRMIR PHCC,8.4646,30.10225,Unity,"{""type"":""MultiPoint"",""coordinates"":[]}"
33,Leer,398.040964385826,THONYOR PHCC,8.22265,30.21959,Unity,"{""type"":""MultiPoint"",""coordinates"":[]}"
34,Mayendit,399.37188385873645,ADOKBAK PHCC,8.18798,30.30636,Unity,"{""type"":""MultiPoint"",""coordinates"":[]}"
35,Mayendit,396.3549244550209,PHCC,8.39178,30.07858,Unity,"{""type"":""MultiPoint"",""coordinates"":[]}"
36,Mayendit,396.3531391393821,PRIMARY HEALTH CARE,8.13179,30.01659,Unity,"{""type"":""MultiPoint"",""coordinates"":[]}"
37,Mayom,398.9528328103993,MAYOM PHCC,9.022217,29.017567,Unity,"{""type"":""MultiPoint"",""coordinates"":[]}"
38,Mayom,397.66288367756704,MANKIEN,9.05212,29.09001,Unity,"{""type"":""MultiPoint"",""coordinates"":[]}"
39,Mayom,396.49975792786233,WANG KAI PHCC,9.008799,29.045546,Unity,"{""type"":""MultiPoint"",""coordinates"":[]}"
40,Panyijar,401.70182958092335,NYAL PHCC,7.72375,30.24858,Unity,"{""type"":""MultiPoint"",""coordinates"":[]}"
41,Panyijar,408.2611689726256,GAYANYLIEL PHCC,7.40497,30.47237,Unity,"{""type"":""MultiPoint"",""coordinates"":[]}"
42,Pariang,397.3214338536836,BIU PHCC,9.064571,30.029749,Unity,"{""type"":""MultiPoint"",""coordinates"":[]}"
43,Pariang,395.8746773384004,PARIANG,9.091134,29.098214,Unity,"{""type"":""MultiPoint"",""coordinates"":[]}"
44,Rubkona,399.2073490225933,REANG PHCC,9.35665,29.49027,Unity,"{""type"":""MultiPoint"",""coordinates"":[]}"
45,Rubkona,397.2230812992472,CARE BENTIU,9.25603,29.79563,Unity,"{""type"":""MultiPoint"",""coordinates"":[]}"
46,Rubkona,396.8836284315527,KHAL JAAK PHCC,9.27611,29.53649,Unity,"{""type"":""MultiPoint"",""coordinates"":[]}"
47,Rubkona,393.0077521465243,WAAK PHCC,8.92965,29.61618,Unity,"{""type"":""MultiPoint"",""coordinates"":[]}"
48,Rubkona,393.8071930579458,NHIAL DIU PHCC,9.02619,29.68332,Unity,"{""type"":""MultiPoint"",""coordinates"":[]}"
49,Rubkona,398.1147634233301,CARE RUBKONA,9.29023,29.78955,Unity,"{""type"":""MultiPoint"",""coordinates"":[]}"
50,Rubkona,398.3085285067386,NILE GANGAH B-V,9.29186,29.7952,Unity,"{""type"":""MultiPoint"",""coordinates"":[]}"
51,Baliet,397.03816780216,BALIET PHCC,9.29581,32.05748,Upper Nile,"{""type"":""MultiPoint"",""coordinates"":[]}"
52,Fashoda,394.4146889977823,KODOK HOSPITAL,9.89161,32.11523,Upper Nile,"{""type"":""MultiPoint"",""coordinates"":[]}"
53,Fashoda,394.116025878913,KODOK PHCC,9.89049,32.11621,Upper Nile,"{""type"":""MultiPoint"",""coordinates"":[]}"
54,Fashoda,396.17706479452653,ORINY PHCC,9.86784,31.88998,Upper Nile,"{""type"":""MultiPoint"",""coordinates"":[]}"
55,Longochuk,398.32773180659274,GUELGUK PHCC,9.75551,32.98008,Upper Nile,"{""type"":""MultiPoint"",""coordinates"":[]}"
56,Luakpiny/Nasir,401.3051019950681,KIECH KUON,8.95105,32.92966,Upper Nile,"{""type"":""MultiPoint"",""coordinates"":[]}"
57,Malakal,402.3964604304954,ECS PHCC,9.5252,31.6583,Upper Nile,"{""type"":""MultiPoint"",""coordinates"":[]}"
58,Malakal,399.31419759717824,NATIONAL HEALTH INSURANCE,9.52727,31.65125,Upper Nile,"{""type"":""MultiPoint"",""coordinates"":[]}"
59,Malakal,400.5894306213887,SSC PHCC,9.53088,31.66129,Upper Nile,"{""type"":""MultiPoint"",""coordinates"":[]}"
60,Malakal,400.0358861204231,GLOBAL HEALTH PHCC,9.53797,31.65365,Upper Nile,"{""type"":""MultiPoint"",""coordinates"":[]}"
61,Malakal,401.35002573685733,MULUKIA PHCC,9.54469,31.64673,Upper Nile,"{""type"":""MultiPoint"",""coordinates"":[]}"
62,Malakal,400.980763980576,NATURAL HEALTH,9.54716,31.65022,Upper Nile,"{""type"":""MultiPoint"",""coordinates"":[]}"
63,Malakal,399.44801407360006,BAM PHCC,9.50328,31.65897,Upper Nile,"{""type"":""MultiPoint"",""coordinates"":[]}"
64,Malakal,393.9033953890001,WAU SHILLUK HEALTH,9.66133,31.745889,Upper Nile,"{""type"":""MultiPoint"",""coordinates"":[]}"
65,Manyo,392.3822088875197,AWETH PHCC,10.34117,32.22318,Upper Nile,"{""type"":""MultiPoint"",""coordinates"":[]}"
66,Manyo,392.16004157967103,KAKA PHCC,10.57906,32.1574,Upper Nile,"{""type"":""MultiPoint"",""coordinates"":[]}"
67,Manyo,389.71943591088757,N.H.I,11.61003,32.72532,Upper Nile,"{""type"":""MultiPoint"",""coordinates"":[]}"
68,Manyo,388.1775512290979,WADAKON PHCC,11.60811,32.72836,Upper Nile,"{""type"":""MultiPoint"",""coordinates"":[]}"
69,Melut,393.9781742223731,MELUF PHCC,10.43713,32.18979,Upper Nile,"{""type"":""MultiPoint"",""coordinates"":[]}"
70,Panyikang,398.7965059793245,OWECI PHCC,9.43371,31.57591,Upper Nile,"{""type"":""MultiPoint"",""coordinates"":[]}"
71,Panyikang,399.8274707317618,TONGA PHCC,9.47,31.04944,Upper Nile,"{""type"":""MultiPoint"",""coordinates"":[]}"
72,Panyikang,399.10371259200883,NYILUAK PHCC,9.41241,31.29539,Upper Nile,"{""type"":""MultiPoint"",""coordinates"":[]}"
73,Panyikang,398.1408073516107,OBEI PHCC,9.37605,31.57264,Upper Nile,"{""type"":""MultiPoint"",""coordinates"":[]}"
74,Renk,385.3638764955272,GIEGER PHCC,11.99026,32.75879,Upper Nile,"{""type"":""MultiPoint"",""coordinates"":[]}"
75,Renk,387.60987120462073,NATIONAL INSURANCE F,11.98475,32.76228,Upper Nile,"{""type"":""MultiPoint"",""coordinates"":[]}"
76,Renk,387.2214934163551,WANTHAW PHCC,12.26292,32.76522,Upper Nile,"{""type"":""MultiPoint"",""coordinates"":[]}"
77,Renk,390.57500999777847,N.H INSURACE F PHCC,11.7424,32.81175,Upper Nile,"{""type"":""MultiPoint"",""coordinates"":[]}"
78,Renk,388.0025016551802,N.H.I FUND PHCC,11.74819,32.79985,Upper Nile,"{""type"":""MultiPoint"",""coordinates"":[]}"
79,Ulang,402.25389682062485,ULANG PHCC,8.65595,32.7204,Upper Nile,"{""type"":""MultiPoint"",""coordinates"":[]}"
80,Ulang,404.8540458083764,RUP BOARD PHCC,8.66914,32.79145,Upper Nile,"{""type"":""MultiPoint"",""coordinates"":[]}"
81,Luakpiny/Nasir,404.93632706571117,JIKMIR PHCC,8.4533,33.189117,Upper Nile,"{""type"":""MultiPoint"",""coordinates"":[]}"
82,Luakpiny/Nasir,406.32059534650045,MADING PHCC,8.77265,33.32174,Upper Nile,"{""type"":""MultiPoint"",""coordinates"":[]}"
83,Maban,449.83209283820855,BOUNY PHCC,9.95867,33.71172,Upper Nile,"{""type"":""MultiPoint"",""coordinates"":[]}"
84,Maiwut,411.0925090961295,ULENG PHCC,8.71154,33.72795,Upper Nile,"{""type"":""MultiPoint"",""coordinates"":[]}"
85,Longochuk,438.7070484877535,CHUTBORA PHCC,9.20598,33.75315,Upper Nile,"{""type"":""MultiPoint"",""coordinates"":[]}"
86,Maban,453.3167307348474,DOROW PHCC,9.97687,33.75492,Upper Nile,"{""type"":""MultiPoint"",""coordinates"":[]}"
87,Maiwut,432.466268487938,MAIWUT PHCC,8.60622,33.92406,Upper Nile,"{""type"":""MultiPoint"",""coordinates"":[]}"
88,Longochuk,489.8755034474107,DAJOK PHCC,9.20541,33.95824,Upper Nile,"{""type"":""MultiPoint"",""coordinates"":[]}"
89,Maiwut,434.90916518522505,PAGAT PHCC,8.47334,34.02072,Upper Nile,"{""type"":""MultiPoint"",""coordinates"":[]}"
90,Pochalla,442.5846565373634,Pochalla PHCC,7.17761,34.08731,Jonglei,"{""type"":""MultiPoint"",""coordinates"":[]}"
91,Pibor,681.1415330604804,Oang PHCC,6.16799,34.4131,Jonglei,"{""type"":""MultiPoint"",""coordinates"":[]}"
92,Pibor,555.3252006492921,Churi PHCC,6.56997,34.62081,Jonglei,"{""type"":""MultiPoint"",""coordinates"":[]}"
